State,State_abb,state_fips,Date,ECV,Days out from the Election,dem_poll_prob,fund_Prob,combine_probs
Alabama,AL,1,5-Aug,9,90,0.0955,0.132004383,0.132004383
Alabama,AL,1,15-Aug,9,80,0.077,0.132004383,0.126503945
Alabama,AL,1,25-Aug,9,70,0.063,0.132004383,0.118203507
Alabama,AL,1,4-Sep,9,60,0.065,0.132004383,0.111903068
Alabama,AL,1,14-Sep,9,50,0.062,0.132004383,0.10400263
Alabama,AL,1,24-Sep,9,40,0.1065,0.132004383,0.119252192
Alabama,AL,1,4-Oct,9,30,0.0365,0.132004383,0.074701753
Alabama,AL,1,14-Oct,9,20,0.043,0.132004383,0.069701315
Alabama,AL,1,24-Oct,9,10,0.0635,0.132004383,0.077200877
Alabama,AL,1,3-Nov,9,0,0.0145,0.132004383,0.026250438
Alaska,AK,2,5-Aug,3,90,0.1625,0.045289878,0.045289878
Alaska,AK,2,15-Aug,3,80,0.2045,0.045289878,0.06121089
Alaska,AK,2,25-Aug,3,70,0.2175,0.045289878,0.079731903
Alaska,AK,2,4-Sep,3,60,0.214,0.045289878,0.095902915
Alaska,AK,2,14-Sep,3,50,0.1995,0.045289878,0.106973927
Alaska,AK,2,24-Sep,3,40,0.207,0.045289878,0.126144939
Alaska,AK,2,4-Oct,3,30,0.1895,0.045289878,0.131815951
Alaska,AK,2,14-Oct,3,20,0.174,0.045289878,0.135386963
Alaska,AK,2,24-Oct,3,10,0.1395,0.045289878,0.120657976
Alaska,AK,2,3-Nov,3,0,0.119,0.045289878,0.111628988
Arizona,AZ,4,5-Aug,11,90,0.588,0.547332296,0.547332296
Arizona,AZ,4,15-Aug,11,80,0.5005,0.547332296,0.542649067
Arizona,AZ,4,25-Aug,11,70,0.6635,0.547332296,0.570565837
Arizona,AZ,4,4-Sep,11,60,0.558,0.547332296,0.550532607
Arizona,AZ,4,14-Sep,11,50,0.688,0.547332296,0.603599378
Arizona,AZ,4,24-Sep,11,40,0.762,0.547332296,0.654666148
Arizona,AZ,4,4-Oct,11,30,0.6655,0.547332296,0.618232919
Arizona,AZ,4,14-Oct,11,20,0.5915,0.547332296,0.578249689
Arizona,AZ,4,24-Oct,11,10,0.7285,0.547332296,0.692266459
Arizona,AZ,4,3-Nov,11,0,0.794,0.547332296,0.76933323
Arkansas,AR,5,5-Aug,6,90,0.153,0.384865852,0.384865852
Arkansas,AR,5,15-Aug,6,80,0.142,0.384865852,0.360579267
Arkansas,AR,5,25-Aug,6,70,0.149,0.384865852,0.337692681
Arkansas,AR,5,4-Sep,6,60,0.155,0.384865852,0.315906096
Arkansas,AR,5,14-Sep,6,50,0.161,0.384865852,0.295319511
Arkansas,AR,5,24-Sep,6,40,0.146,0.384865852,0.265432926
Arkansas,AR,5,4-Oct,6,30,0.0765,0.384865852,0.199846341
Arkansas,AR,5,14-Oct,6,20,0.1035,0.384865852,0.187909756
Arkansas,AR,5,24-Oct,6,10,0.0555,0.384865852,0.12137317
Arkansas,AR,5,3-Nov,6,0,0.0065,0.384865852,0.044336585
California,CA,6,5-Aug,55,90,0.99,0.990503075,0.990503075
California,CA,6,15-Aug,55,80,0.976,0.990503075,0.989052768
California,CA,6,25-Aug,55,70,0.9875,0.990503075,0.98990246
California,CA,6,4-Sep,55,60,0.986,0.990503075,0.989152153
California,CA,6,14-Sep,55,50,0.979,0.990503075,0.985901845
California,CA,6,24-Sep,55,40,0.9935,0.990503075,0.992001538
California,CA,6,4-Oct,55,30,0.9995,0.990503075,0.99590123
California,CA,6,14-Oct,55,20,0.997,0.990503075,0.995050923
California,CA,6,24-Oct,55,10,1,0.990503075,0.998100615
California,CA,6,3-Nov,55,0,1,0.990503075,0.999050308
Colorado,CO,8,5-Aug,9,90,0.8205,0.774968199,0.774968199
Colorado,CO,8,15-Aug,9,80,0.8775,0.774968199,0.785221379
Colorado,CO,8,25-Aug,9,70,0.894,0.774968199,0.798774559
Colorado,CO,8,4-Sep,9,60,0.8785,0.774968199,0.80602774
Colorado,CO,8,14-Sep,9,50,0.887,0.774968199,0.81978092
Colorado,CO,8,24-Sep,9,40,0.928,0.774968199,0.8514841
Colorado,CO,8,4-Oct,9,30,0.9215,0.774968199,0.86288728
Colorado,CO,8,14-Oct,9,20,0.9495,0.774968199,0.89714046
Colorado,CO,8,24-Oct,9,10,0.95,0.774968199,0.91499364
Colorado,CO,8,3-Nov,9,0,0.954,0.774968199,0.93609682
Connecticut,CT,9,5-Aug,7,90,0.776,0.917809834,0.917809834
Connecticut,CT,9,15-Aug,7,80,0.8375,0.917809834,0.90977885
Connecticut,CT,9,25-Aug,7,70,0.834,0.917809834,0.901047867
Connecticut,CT,9,4-Sep,7,60,0.8265,0.917809834,0.890416884
Connecticut,CT,9,14-Sep,7,50,0.832,0.917809834,0.8834859
Connecticut,CT,9,24-Sep,7,40,0.844,0.917809834,0.880904917
Connecticut,CT,9,4-Oct,7,30,0.9195,0.917809834,0.918823934
Connecticut,CT,9,14-Oct,7,20,0.8685,0.917809834,0.88329295
Connecticut,CT,9,24-Oct,7,10,0.88,0.917809834,0.887561967
Connecticut,CT,9,3-Nov,7,0,0.9825,0.917809834,0.976030983
Delaware,DE,10,5-Aug,3,90,0.7895,0.966054366,0.966054366
Delaware,DE,10,15-Aug,3,80,0.7895,0.966054366,0.948398929
Delaware,DE,10,25-Aug,3,70,0.7895,0.966054366,0.930743493
Delaware,DE,10,4-Sep,3,60,0.755,0.966054366,0.902738056
Delaware,DE,10,14-Sep,3,50,0.753,0.966054366,0.88083262
Delaware,DE,10,24-Sep,3,40,0.778,0.966054366,0.872027183
Delaware,DE,10,4-Oct,3,30,0.884,0.966054366,0.916821746
Delaware,DE,10,14-Oct,3,20,0.8215,0.966054366,0.86486631
Delaware,DE,10,24-Oct,3,10,0.8405,0.966054366,0.865610873
Delaware,DE,10,3-Nov,3,0,0.9225,0.966054366,0.926855437
District of Columbia,DC,11,5-Aug,3,90,0.991,0.995658298,0.995658298
District of Columbia,DC,11,15-Aug,3,80,0.991,0.995658298,0.995192468
District of Columbia,DC,11,25-Aug,3,70,0.991,0.995658298,0.994726638
District of Columbia,DC,11,4-Sep,3,60,0.991,0.995658298,0.994260809
District of Columbia,DC,11,14-Sep,3,50,0.991,0.995658298,0.993794979
District of Columbia,DC,11,24-Sep,3,40,0.991,0.995658298,0.993329149
District of Columbia,DC,11,4-Oct,3,30,0.991,0.995658298,0.992863319
District of Columbia,DC,11,14-Oct,3,20,0.991,0.995658298,0.992397489
District of Columbia,DC,11,24-Oct,3,10,0.991,0.995658298,0.99193166
District of Columbia,DC,11,3-Nov,3,0,0.991,0.995658298,0.99146583
Florida,FL,12,5-Aug,29,90,0.7515,0.560039266,0.560039266
Florida,FL,12,15-Aug,29,80,0.832,0.560039266,0.58723534
Florida,FL,12,25-Aug,29,70,0.826,0.560039266,0.613231413
Florida,FL,12,4-Sep,29,60,0.8225,0.560039266,0.638777487
Florida,FL,12,14-Sep,29,50,0.7735,0.560039266,0.64542356
Florida,FL,12,24-Sep,29,40,0.748,0.560039266,0.654019633
Florida,FL,12,4-Oct,29,30,0.79,0.560039266,0.698015707
Florida,FL,12,14-Oct,29,20,0.652,0.560039266,0.62441178
Florida,FL,12,24-Oct,29,10,0.8135,0.560039266,0.762807853
Florida,FL,12,3-Nov,29,0,0.801,0.560039266,0.776903927
Georgia,GA,13,5-Aug,16,90,0.5035,0.492344744,0.492344744
Georgia,GA,13,15-Aug,16,80,0.5255,0.492344744,0.49566027
Georgia,GA,13,25-Aug,16,70,0.3935,0.492344744,0.472575795
Georgia,GA,13,4-Sep,16,60,0.3875,0.492344744,0.460891321
Georgia,GA,13,14-Sep,16,50,0.423,0.492344744,0.464606847
Georgia,GA,13,24-Sep,16,40,0.387,0.492344744,0.439672372
Georgia,GA,13,4-Oct,16,30,0.501,0.492344744,0.497537898
Georgia,GA,13,14-Oct,16,20,0.434,0.492344744,0.451503423
Georgia,GA,13,24-Oct,16,10,0.503,0.492344744,0.500868949
Georgia,GA,13,3-Nov,16,0,0.4465,0.492344744,0.451084474
Hawaii,HI,15,5-Aug,4,90,0.951,0.960233819,0.960233819
Hawaii,HI,15,15-Aug,4,80,0.9405,0.960233819,0.958260437
Hawaii,HI,15,25-Aug,4,70,0.941,0.960233819,0.956387055
Hawaii,HI,15,4-Sep,4,60,0.9435,0.960233819,0.955213673
Hawaii,HI,15,14-Sep,4,50,0.9415,0.960233819,0.952740291
Hawaii,HI,15,24-Sep,4,40,0.9365,0.960233819,0.948366909
Hawaii,HI,15,4-Oct,4,30,0.9135,0.960233819,0.932193528
Hawaii,HI,15,14-Oct,4,20,0.953,0.960233819,0.955170146
Hawaii,HI,15,24-Oct,4,10,0.97,0.960233819,0.968046764
Hawaii,HI,15,3-Nov,4,0,0.9925,0.960233819,0.989273382
Idaho,ID,16,5-Aug,4,90,0.078,0.06905339,0.06905339
Idaho,ID,16,15-Aug,4,80,0.078,0.06905339,0.069948051
Idaho,ID,16,25-Aug,4,70,0.078,0.06905339,0.070842712
Idaho,ID,16,4-Sep,4,60,0.078,0.06905339,0.071737373
Idaho,ID,16,14-Sep,4,50,0.078,0.06905339,0.072632034
Idaho,ID,16,24-Sep,4,40,0.0615,0.06905339,0.065276695
Idaho,ID,16,4-Oct,4,30,0.053,0.06905339,0.059421356
Idaho,ID,16,14-Oct,4,20,0.036,0.06905339,0.045916017
Idaho,ID,16,24-Oct,4,10,0.038,0.06905339,0.044210678
Idaho,ID,16,3-Nov,4,0,0.018,0.06905339,0.023105339
Illinois,IL,17,5-Aug,20,90,0.7905,0.980379475,0.980379475
Illinois,IL,17,15-Aug,20,80,0.7905,0.980379475,0.961391527
Illinois,IL,17,25-Aug,20,70,0.7905,0.980379475,0.94240358
Illinois,IL,17,4-Sep,20,60,0.7905,0.980379475,0.923415632
Illinois,IL,17,14-Sep,20,50,0.7905,0.980379475,0.904427685
Illinois,IL,17,24-Sep,20,40,0.7905,0.980379475,0.885439737
Illinois,IL,17,4-Oct,20,30,0.7905,0.980379475,0.86645179
Illinois,IL,17,14-Oct,20,20,0.803,0.980379475,0.856213842
Illinois,IL,17,24-Oct,20,10,0.8215,0.980379475,0.853275895
Illinois,IL,17,3-Nov,20,0,0.886,0.980379475,0.895437947
Indiana,IN,18,5-Aug,11,90,0.1215,0.21694777,0.21694777
Indiana,IN,18,15-Aug,11,80,0.123,0.21694777,0.207552993
Indiana,IN,18,25-Aug,11,70,0.1355,0.21694777,0.200658216
Indiana,IN,18,4-Sep,11,60,0.126,0.21694777,0.189663439
Indiana,IN,18,14-Sep,11,50,0.1425,0.21694777,0.187168662
Indiana,IN,18,24-Sep,11,40,0.0895,0.21694777,0.153223885
Indiana,IN,18,4-Oct,11,30,0.091,0.21694777,0.141379108
Indiana,IN,18,14-Oct,11,20,0.0855,0.21694777,0.124934331
Indiana,IN,18,24-Oct,11,10,0.053,0.21694777,0.085789554
Indiana,IN,18,3-Nov,11,0,0.0955,0.21694777,0.107644777
Iowa,IA,19,5-Aug,6,90,0.3605,0.353972678,0.353972678
Iowa,IA,19,15-Aug,6,80,0.3085,0.353972678,0.349425411
Iowa,IA,19,25-Aug,6,70,0.3025,0.353972678,0.343678143
Iowa,IA,19,4-Sep,6,60,0.3,0.353972678,0.337780875
Iowa,IA,19,14-Sep,6,50,0.314,0.353972678,0.337983607
Iowa,IA,19,24-Sep,6,40,0.3655,0.353972678,0.359736339
Iowa,IA,19,4-Oct,6,30,0.264,0.353972678,0.299989071
Iowa,IA,19,14-Oct,6,20,0.2555,0.353972678,0.285041804
Iowa,IA,19,24-Oct,6,10,0.3095,0.353972678,0.318394536
Iowa,IA,19,3-Nov,6,0,0.313,0.353972678,0.317097268
Kansas,KS,20,5-Aug,6,90,0.093,0.086331508,0.086331508
Kansas,KS,20,15-Aug,6,80,0.101,0.086331508,0.087798358
Kansas,KS,20,25-Aug,6,70,0.1095,0.086331508,0.090965207
Kansas,KS,20,4-Sep,6,60,0.1165,0.086331508,0.095382056
Kansas,KS,20,14-Sep,6,50,0.0895,0.086331508,0.087598905
Kansas,KS,20,24-Sep,6,40,0.109,0.086331508,0.097665754
Kansas,KS,20,4-Oct,6,30,0.116,0.086331508,0.104132603
Kansas,KS,20,14-Oct,6,20,0.0475,0.086331508,0.059149453
Kansas,KS,20,24-Oct,6,10,0.064,0.086331508,0.068466302
Kansas,KS,20,3-Nov,6,0,0.0885,0.086331508,0.088283151
Kentucky,KY,21,5-Aug,8,90,0.0115,0.245196768,0.245196768
Kentucky,KY,21,15-Aug,8,80,0.0205,0.245196768,0.222727091
Kentucky,KY,21,25-Aug,8,70,0.0135,0.245196768,0.198857414
Kentucky,KY,21,4-Sep,8,60,0.013,0.245196768,0.175537738
Kentucky,KY,21,14-Sep,8,50,0.0135,0.245196768,0.152518061
Kentucky,KY,21,24-Sep,8,40,0.0245,0.245196768,0.134848384
Kentucky,KY,21,4-Oct,8,30,0.0045,0.245196768,0.100778707
Kentucky,KY,21,14-Oct,8,20,0.0025,0.245196768,0.07530903
Kentucky,KY,21,24-Oct,8,10,0.004,0.245196768,0.052239354
Kentucky,KY,21,3-Nov,8,0,0.0025,0.245196768,0.026769677
Louisiana,LA,22,5-Aug,8,90,0.196,0.328407961,0.328407961
Louisiana,LA,22,15-Aug,8,80,0.196,0.328407961,0.315167165
Louisiana,LA,22,25-Aug,8,70,0.196,0.328407961,0.301926368
Louisiana,LA,22,4-Sep,8,60,0.1695,0.328407961,0.280735572
Louisiana,LA,22,14-Sep,8,50,0.1765,0.328407961,0.267644776
Louisiana,LA,22,24-Sep,8,40,0.1635,0.328407961,0.24595398
Louisiana,LA,22,4-Oct,8,30,0.141,0.328407961,0.215963184
Louisiana,LA,22,14-Oct,8,20,0.129,0.328407961,0.188822388
Louisiana,LA,22,24-Oct,8,10,0.079,0.328407961,0.128881592
Louisiana,LA,22,3-Nov,8,0,0.027,0.328407961,0.057140796
Maine,ME,23,5-Aug,4,90,0.5935,0.920177091,0.920177091
Maine,ME,23,15-Aug,4,80,0.6205,0.920177091,0.890209382
Maine,ME,23,25-Aug,4,70,0.603,0.920177091,0.856741673
Maine,ME,23,4-Sep,4,60,0.614,0.920177091,0.828323963
Maine,ME,23,14-Sep,4,50,0.591,0.920177091,0.788506254
Maine,ME,23,24-Sep,4,40,0.697,0.920177091,0.808588545
Maine,ME,23,4-Oct,4,30,0.8275,0.920177091,0.864570836
Maine,ME,23,14-Oct,4,20,0.8275,0.920177091,0.855303127
Maine,ME,23,24-Oct,4,10,0.823,0.920177091,0.842435418
Maine,ME,23,3-Nov,4,0,0.87,0.920177091,0.875017709
Maryland,MD,24,5-Aug,10,90,0.8905,0.983556382,0.983556382
Maryland,MD,24,15-Aug,10,80,0.897,0.983556382,0.974900743
Maryland,MD,24,25-Aug,10,70,0.892,0.983556382,0.965245105
Maryland,MD,24,4-Sep,10,60,0.893,0.983556382,0.956389467
Maryland,MD,24,14-Sep,10,50,0.889,0.983556382,0.945733829
Maryland,MD,24,24-Sep,10,40,0.8975,0.983556382,0.940528191
Maryland,MD,24,4-Oct,10,30,0.959,0.983556382,0.968822553
Maryland,MD,24,14-Oct,10,20,0.965,0.983556382,0.970566914
Maryland,MD,24,24-Oct,10,10,0.965,0.983556382,0.968711276
Maryland,MD,24,3-Nov,10,0,0.9975,0.983556382,0.996105638
Massachusetts,MA,25,5-Aug,11,90,0.9235,0.982387198,0.982387198
Massachusetts,MA,25,15-Aug,11,80,0.9815,0.982387198,0.982298478
Massachusetts,MA,25,25-Aug,11,70,0.9625,0.982387198,0.978409758
Massachusetts,MA,25,4-Sep,11,60,0.9675,0.982387198,0.977921039
Massachusetts,MA,25,14-Sep,11,50,0.9795,0.982387198,0.981232319
Massachusetts,MA,25,24-Sep,11,40,0.978,0.982387198,0.980193599
Massachusetts,MA,25,4-Oct,11,30,0.9855,0.982387198,0.984254879
Massachusetts,MA,25,14-Oct,11,20,0.9885,0.982387198,0.986666159
Massachusetts,MA,25,24-Oct,11,10,0.9865,0.982387198,0.98567744
Massachusetts,MA,25,3-Nov,11,0,1,0.982387198,0.99823872
Michigan,MI,26,5-Aug,16,90,0.929,0.744675179,0.744675179
Michigan,MI,26,15-Aug,16,80,0.9545,0.744675179,0.765657661
Michigan,MI,26,25-Aug,16,70,0.9645,0.744675179,0.788640143
Michigan,MI,26,4-Sep,16,60,0.952,0.744675179,0.806872625
Michigan,MI,26,14-Sep,16,50,0.9645,0.744675179,0.832605107
Michigan,MI,26,24-Sep,16,40,0.9675,0.744675179,0.856087589
Michigan,MI,26,4-Oct,16,30,0.9195,0.744675179,0.849570071
Michigan,MI,26,14-Oct,16,20,0.9795,0.744675179,0.909052554
Michigan,MI,26,24-Oct,16,10,0.991,0.744675179,0.941735036
Michigan,MI,26,3-Nov,16,0,0.9815,0.744675179,0.957817518
Minnesota,MN,27,5-Aug,10,90,0.654,0.929820352,0.929820352
Minnesota,MN,27,15-Aug,10,80,0.717,0.929820352,0.908538317
Minnesota,MN,27,25-Aug,10,70,0.7575,0.929820352,0.895356282
Minnesota,MN,27,4-Sep,10,60,0.8525,0.929820352,0.906624246
Minnesota,MN,27,14-Sep,10,50,0.8765,0.929820352,0.908492211
Minnesota,MN,27,24-Sep,10,40,0.864,0.929820352,0.896910176
Minnesota,MN,27,4-Oct,10,30,0.9025,0.929820352,0.913428141
Minnesota,MN,27,14-Oct,10,20,0.89,0.929820352,0.901946106
Minnesota,MN,27,24-Oct,10,10,0.919,0.929820352,0.92116407
Minnesota,MN,27,3-Nov,10,0,0.95,0.929820352,0.947982035
Mississippi,MS,28,5-Aug,6,90,0.242,0.137180359,0.137180359
Mississippi,MS,28,15-Aug,6,80,0.242,0.137180359,0.147662323
Mississippi,MS,28,25-Aug,6,70,0.1775,0.137180359,0.145244287
Mississippi,MS,28,4-Sep,6,60,0.164,0.137180359,0.145226251
Mississippi,MS,28,14-Sep,6,50,0.155,0.137180359,0.144308215
Mississippi,MS,28,24-Sep,6,40,0.171,0.137180359,0.154090179
Mississippi,MS,28,4-Oct,6,30,0.143,0.137180359,0.140672144
Mississippi,MS,28,14-Oct,6,20,0.124,0.137180359,0.127954108
Mississippi,MS,28,24-Oct,6,10,0.123,0.137180359,0.125836072
Mississippi,MS,28,3-Nov,6,0,0.029,0.137180359,0.039818036
Missouri,MO,29,5-Aug,10,90,0.1665,0.120384995,0.120384995
Missouri,MO,29,15-Aug,10,80,0.1685,0.120384995,0.125196496
Missouri,MO,29,25-Aug,10,70,0.169,0.120384995,0.130107996
Missouri,MO,29,4-Sep,10,60,0.1555,0.120384995,0.130919497
Missouri,MO,29,14-Sep,10,50,0.1675,0.120384995,0.139230997
Missouri,MO,29,24-Sep,10,40,0.129,0.120384995,0.124692498
Missouri,MO,29,4-Oct,10,30,0.0845,0.120384995,0.098853998
Missouri,MO,29,14-Oct,10,20,0.0855,0.120384995,0.095965499
Missouri,MO,29,24-Oct,10,10,0.0465,0.120384995,0.061276999
Missouri,MO,29,3-Nov,10,0,0.1365,0.120384995,0.1348885
Montana,MT,30,5-Aug,3,90,0.129,0.0787406,0.0787406
Montana,MT,30,15-Aug,3,80,0.0745,0.0787406,0.07831654
Montana,MT,30,25-Aug,3,70,0.0725,0.0787406,0.07749248
Montana,MT,30,4-Sep,3,60,0.078,0.0787406,0.07851842
Montana,MT,30,14-Sep,3,50,0.059,0.0787406,0.07084436
Montana,MT,30,24-Sep,3,40,0.0915,0.0787406,0.0851203
Montana,MT,30,4-Oct,3,30,0.088,0.0787406,0.08429624
Montana,MT,30,14-Oct,3,20,0.0655,0.0787406,0.06947218
Montana,MT,30,24-Oct,3,10,0.056,0.0787406,0.06054812
Montana,MT,30,3-Nov,3,0,0.086,0.0787406,0.08527406
Nebraska,NE,31,5-Aug,5,90,0.255,0.046977439,0.046977439
Nebraska,NE,31,15-Aug,5,80,0.2675,0.046977439,0.069029695
Nebraska,NE,31,25-Aug,5,70,0.2305,0.046977439,0.083681951
Nebraska,NE,31,4-Sep,5,60,0.2265,0.046977439,0.100834207
Nebraska,NE,31,14-Sep,5,50,0.2285,0.046977439,0.119586463
Nebraska,NE,31,24-Sep,5,40,0.262,0.046977439,0.154488719
Nebraska,NE,31,4-Oct,5,30,0.296,0.046977439,0.196390975
Nebraska,NE,31,14-Oct,5,20,0.2765,0.046977439,0.207643232
Nebraska,NE,31,24-Oct,5,10,0.239,0.046977439,0.200595488
Nebraska,NE,31,3-Nov,5,0,0.2965,0.046977439,0.271547744
Nevada,NV,32,5-Aug,6,90,0.487,0.755575633,0.755575633
Nevada,NV,32,15-Aug,6,80,0.513,0.755575633,0.731318069
Nevada,NV,32,25-Aug,6,70,0.4985,0.755575633,0.704160506
Nevada,NV,32,4-Sep,6,60,0.501,0.755575633,0.679202943
Nevada,NV,32,14-Sep,6,50,0.568,0.755575633,0.68054538
Nevada,NV,32,24-Sep,6,40,0.4915,0.755575633,0.623537816
Nevada,NV,32,4-Oct,6,30,0.48,0.755575633,0.590230253
Nevada,NV,32,14-Oct,6,20,0.4895,0.755575633,0.56932269
Nevada,NV,32,24-Oct,6,10,0.6525,0.755575633,0.673115127
Nevada,NV,32,3-Nov,6,0,0.67,0.755575633,0.678557563
New Hampshire,NH,33,5-Aug,4,90,0.566,0.770472938,0.770472938
New Hampshire,NH,33,15-Aug,4,80,0.584,0.770472938,0.751825645
New Hampshire,NH,33,25-Aug,4,70,0.598,0.770472938,0.735978351
New Hampshire,NH,33,4-Sep,4,60,0.5705,0.770472938,0.710481057
New Hampshire,NH,33,14-Sep,4,50,0.5945,0.770472938,0.700083763
New Hampshire,NH,33,24-Sep,4,40,0.583,0.770472938,0.676736469
New Hampshire,NH,33,4-Oct,4,30,0.778,0.770472938,0.774989175
New Hampshire,NH,33,14-Oct,4,20,0.854,0.770472938,0.828941882
New Hampshire,NH,33,24-Oct,4,10,0.95,0.770472938,0.914094588
New Hampshire,NH,33,3-Nov,4,0,0.8685,0.770472938,0.858697294
New Jersey,NJ,34,5-Aug,14,90,0.8845,0.956705967,0.956705967
New Jersey,NJ,34,15-Aug,14,80,0.8695,0.956705967,0.94798537
New Jersey,NJ,34,25-Aug,14,70,0.882,0.956705967,0.941764773
New Jersey,NJ,34,4-Sep,14,60,0.8655,0.956705967,0.929344177
New Jersey,NJ,34,14-Sep,14,50,0.865,0.956705967,0.92002358
New Jersey,NJ,34,24-Sep,14,40,0.912,0.956705967,0.934352983
New Jersey,NJ,34,4-Oct,14,30,0.9,0.956705967,0.922682387
New Jersey,NJ,34,14-Oct,14,20,0.9035,0.956705967,0.91946179
New Jersey,NJ,34,24-Oct,14,10,0.9345,0.956705967,0.938941193
New Jersey,NJ,34,3-Nov,14,0,0.973,0.956705967,0.971370597
New Mexico,NM,35,5-Aug,5,90,0.7575,0.929873556,0.929873556
New Mexico,NM,35,15-Aug,5,80,0.783,0.929873556,0.915186201
New Mexico,NM,35,25-Aug,5,70,0.7835,0.929873556,0.900598845
New Mexico,NM,35,4-Sep,5,60,0.7605,0.929873556,0.879061489
New Mexico,NM,35,14-Sep,5,50,0.7335,0.929873556,0.851324134
New Mexico,NM,35,24-Sep,5,40,0.8315,0.929873556,0.880686778
New Mexico,NM,35,4-Oct,5,30,0.8345,0.929873556,0.872649423
New Mexico,NM,35,14-Oct,5,20,0.8715,0.929873556,0.889012067
New Mexico,NM,35,24-Oct,5,10,0.879,0.929873556,0.889174711
New Mexico,NM,35,3-Nov,5,0,0.852,0.929873556,0.859787356
New York,NY,36,5-Aug,29,90,0.9775,0.955163306,0.955163306
New York,NY,36,15-Aug,29,80,0.979,0.955163306,0.957546976
New York,NY,36,25-Aug,29,70,0.9875,0.955163306,0.961630645
New York,NY,36,4-Sep,29,60,0.986,0.955163306,0.964414314
New York,NY,36,14-Sep,29,50,0.984,0.955163306,0.966697984
New York,NY,36,24-Sep,29,40,0.9865,0.955163306,0.970831653
New York,NY,36,4-Oct,29,30,0.995,0.955163306,0.979065323
New York,NY,36,14-Oct,29,20,0.9915,0.955163306,0.980598992
New York,NY,36,24-Oct,29,10,0.995,0.955163306,0.987032661
New York,NY,36,3-Nov,29,0,1,0.955163306,0.995516331
North Carolina,NC,37,5-Aug,15,90,0.638,0.420459909,0.420459909
North Carolina,NC,37,15-Aug,15,80,0.5325,0.420459909,0.431663918
North Carolina,NC,37,25-Aug,15,70,0.4965,0.420459909,0.435667927
North Carolina,NC,37,4-Sep,15,60,0.505,0.420459909,0.445821936
North Carolina,NC,37,14-Sep,15,50,0.5115,0.420459909,0.456875945
North Carolina,NC,37,24-Sep,15,40,0.501,0.420459909,0.460729955
North Carolina,NC,37,4-Oct,15,30,0.5465,0.420459909,0.496083964
North Carolina,NC,37,14-Oct,15,20,0.6515,0.420459909,0.582187973
North Carolina,NC,37,24-Oct,15,10,0.6625,0.420459909,0.614091982
North Carolina,NC,37,3-Nov,15,0,0.661,0.420459909,0.636945991
North Dakota,ND,38,5-Aug,3,90,0.0335,0.012254962,0.012254962
North Dakota,ND,38,15-Aug,3,80,0.036,0.012254962,0.014629466
North Dakota,ND,38,25-Aug,3,70,0.0355,0.012254962,0.01690397
North Dakota,ND,38,4-Sep,3,60,0.037,0.012254962,0.019678473
North Dakota,ND,38,14-Sep,3,50,0.0385,0.012254962,0.022752977
North Dakota,ND,38,24-Sep,3,40,0.029,0.012254962,0.020627481
North Dakota,ND,38,4-Oct,3,30,0.0155,0.012254962,0.014201985
North Dakota,ND,38,14-Oct,3,20,0.0125,0.012254962,0.012426489
North Dakota,ND,38,24-Oct,3,10,0.0065,0.012254962,0.007650992
North Dakota,ND,38,3-Nov,3,0,0.0045,0.012254962,0.005275496
Ohio,OH,39,5-Aug,18,90,0.3275,0.377368882,0.377368882
Ohio,OH,39,15-Aug,18,80,0.3285,0.377368882,0.372481994
Ohio,OH,39,25-Aug,18,70,0.338,0.377368882,0.369495106
Ohio,OH,39,4-Sep,18,60,0.2795,0.377368882,0.348008218
Ohio,OH,39,14-Sep,18,50,0.3015,0.377368882,0.347021329
Ohio,OH,39,24-Sep,18,40,0.505,0.377368882,0.441184441
Ohio,OH,39,4-Oct,18,30,0.3295,0.377368882,0.348647553
Ohio,OH,39,14-Oct,18,20,0.448,0.377368882,0.426810665
Ohio,OH,39,24-Oct,18,10,0.431,0.377368882,0.420273776
Ohio,OH,39,3-Nov,18,0,0.292,0.377368882,0.300536888
Oklahoma,OK,40,5-Aug,7,90,0.044,0.045801796,0.045801796
Oklahoma,OK,40,15-Aug,7,80,0.044,0.045801796,0.045621616
Oklahoma,OK,40,25-Aug,7,70,0.054,0.045801796,0.047441437
Oklahoma,OK,40,4-Sep,7,60,0.049,0.045801796,0.046761257
Oklahoma,OK,40,14-Sep,7,50,0.0385,0.045801796,0.042881078
Oklahoma,OK,40,24-Sep,7,40,0.037,0.045801796,0.041400898
Oklahoma,OK,40,4-Oct,7,30,0.016,0.045801796,0.027920718
Oklahoma,OK,40,14-Oct,7,20,0.0265,0.045801796,0.032290539
Oklahoma,OK,40,24-Oct,7,10,0.019,0.045801796,0.024360359
Oklahoma,OK,40,3-Nov,7,0,0.0035,0.045801796,0.00773018
Oregon,OR,41,5-Aug,7,90,0.7145,0.984984842,0.984984842
Oregon,OR,41,15-Aug,7,80,0.7145,0.984984842,0.957936358
Oregon,OR,41,25-Aug,7,70,0.7145,0.984984842,0.930887874
Oregon,OR,41,4-Sep,7,60,0.7145,0.984984842,0.90383939
Oregon,OR,41,14-Sep,7,50,0.7145,0.984984842,0.876790905
Oregon,OR,41,24-Sep,7,40,0.7705,0.984984842,0.877742421
Oregon,OR,41,4-Oct,7,30,0.8685,0.984984842,0.915093937
Oregon,OR,41,14-Oct,7,20,0.874,0.984984842,0.907295453
Oregon,OR,41,24-Oct,7,10,0.8745,0.984984842,0.896596968
Oregon,OR,41,3-Nov,7,0,0.9105,0.984984842,0.917948484
Pennsylvania,PA,42,5-Aug,20,90,0.6355,0.726190669,0.726190669
Pennsylvania,PA,42,15-Aug,20,80,0.702,0.726190669,0.723771602
Pennsylvania,PA,42,25-Aug,20,70,0.7865,0.726190669,0.738252535
Pennsylvania,PA,42,4-Sep,20,60,0.7365,0.726190669,0.729283468
Pennsylvania,PA,42,14-Sep,20,50,0.811,0.726190669,0.760114401
Pennsylvania,PA,42,24-Sep,20,40,0.8645,0.726190669,0.795345335
Pennsylvania,PA,42,4-Oct,20,30,0.8865,0.726190669,0.822376268
Pennsylvania,PA,42,14-Oct,20,20,0.935,0.726190669,0.872357201
Pennsylvania,PA,42,24-Oct,20,10,0.919,0.726190669,0.880438134
Pennsylvania,PA,42,3-Nov,20,0,0.96,0.726190669,0.936619067
Rhode Island,RI,44,5-Aug,4,90,0.7155,0.929641358,0.929641358
Rhode Island,RI,44,15-Aug,4,80,0.7155,0.929641358,0.908227222
Rhode Island,RI,44,25-Aug,4,70,0.7155,0.929641358,0.886813087
Rhode Island,RI,44,4-Sep,4,60,0.7155,0.929641358,0.865398951
Rhode Island,RI,44,14-Sep,4,50,0.7155,0.929641358,0.843984815
Rhode Island,RI,44,24-Sep,4,40,0.7155,0.929641358,0.822570679
Rhode Island,RI,44,4-Oct,4,30,0.7155,0.929641358,0.801156543
Rhode Island,RI,44,14-Oct,4,20,0.7705,0.929641358,0.818242407
Rhode Island,RI,44,24-Oct,4,10,0.772,0.929641358,0.803528272
Rhode Island,RI,44,3-Nov,4,0,0.936,0.929641358,0.935364136
South Carolina,SC,45,5-Aug,9,90,0.23,0.19643323,0.19643323
South Carolina,SC,45,15-Aug,9,80,0.2325,0.19643323,0.200039907
South Carolina,SC,45,25-Aug,9,70,0.218,0.19643323,0.200746584
South Carolina,SC,45,4-Sep,9,60,0.2285,0.19643323,0.206053261
South Carolina,SC,45,14-Sep,9,50,0.223,0.19643323,0.207059938
South Carolina,SC,45,24-Sep,9,40,0.1725,0.19643323,0.184466615
South Carolina,SC,45,4-Oct,9,30,0.166,0.19643323,0.178173292
South Carolina,SC,45,14-Oct,9,20,0.118,0.19643323,0.141529969
South Carolina,SC,45,24-Oct,9,10,0.0815,0.19643323,0.104486646
South Carolina,SC,45,3-Nov,9,0,0.067,0.19643323,0.079943323
South Dakota,SD,46,5-Aug,3,90,0.0755,0.013020918,0.013020918
South Dakota,SD,46,15-Aug,3,80,0.0755,0.013020918,0.019268826
South Dakota,SD,46,25-Aug,3,70,0.0755,0.013020918,0.025516735
South Dakota,SD,46,4-Sep,3,60,0.0755,0.013020918,0.031764643
South Dakota,SD,46,14-Sep,3,50,0.0755,0.013020918,0.038012551
South Dakota,SD,46,24-Sep,3,40,0.0755,0.013020918,0.044260459
South Dakota,SD,46,4-Oct,3,30,0.0755,0.013020918,0.050508367
South Dakota,SD,46,14-Oct,3,20,0.1045,0.013020918,0.077056275
South Dakota,SD,46,24-Oct,3,10,0.097,0.013020918,0.080204184
South Dakota,SD,46,3-Nov,3,0,0.0265,0.013020918,0.025152092
Tennessee,TN,47,5-Aug,11,90,0.077,0.319544468,0.319544468
Tennessee,TN,47,15-Aug,11,80,0.079,0.319544468,0.295490022
Tennessee,TN,47,25-Aug,11,70,0.0635,0.319544468,0.268335575
Tennessee,TN,47,4-Sep,11,60,0.0785,0.319544468,0.247231128
Tennessee,TN,47,14-Sep,11,50,0.0765,0.319544468,0.222326681
Tennessee,TN,47,24-Sep,11,40,0.0615,0.319544468,0.190522234
Tennessee,TN,47,4-Oct,11,30,0.0605,0.319544468,0.164117787
Tennessee,TN,47,14-Oct,11,20,0.054,0.319544468,0.133663341
Tennessee,TN,47,24-Oct,11,10,0.053,0.319544468,0.106308894
Tennessee,TN,47,3-Nov,11,0,0.0585,0.319544468,0.084604447
Texas,TX,48,5-Aug,38,90,0.3165,0.18556533,0.18556533
Texas,TX,48,15-Aug,38,80,0.25,0.18556533,0.192008797
Texas,TX,48,25-Aug,38,70,0.379,0.18556533,0.224252264
Texas,TX,48,4-Sep,38,60,0.365,0.18556533,0.239395731
Texas,TX,48,14-Sep,38,50,0.3335,0.18556533,0.244739198
Texas,TX,48,24-Sep,38,40,0.3135,0.18556533,0.249532665
Texas,TX,48,4-Oct,38,30,0.267,0.18556533,0.234426132
Texas,TX,48,14-Oct,38,20,0.2315,0.18556533,0.217719599
Texas,TX,48,24-Oct,38,10,0.322,0.18556533,0.294713066
Texas,TX,48,3-Nov,38,0,0.2785,0.18556533,0.269206533
Utah,UT,49,5-Aug,6,90,0.1315,0.37877746,0.37877746
Utah,UT,49,15-Aug,6,80,0.1015,0.37877746,0.351049714
Utah,UT,49,25-Aug,6,70,0.122,0.37877746,0.327421968
Utah,UT,49,4-Sep,6,60,0.154,0.37877746,0.311344222
Utah,UT,49,14-Sep,6,50,0.145,0.37877746,0.285266476
Utah,UT,49,24-Sep,6,40,0.0855,0.37877746,0.23213873
Utah,UT,49,4-Oct,6,30,0.088,0.37877746,0.204310984
Utah,UT,49,14-Oct,6,20,0.0685,0.37877746,0.161583238
Utah,UT,49,24-Oct,6,10,0.0735,0.37877746,0.134555492
Utah,UT,49,3-Nov,6,0,0.0585,0.37877746,0.090527746
Vermont,VT,50,5-Aug,3,90,0.9005,0.975480881,0.975480881
Vermont,VT,50,15-Aug,3,80,0.9005,0.975480881,0.967982793
Vermont,VT,50,25-Aug,3,70,0.9005,0.975480881,0.960484705
Vermont,VT,50,4-Sep,3,60,0.9005,0.975480881,0.952986617
Vermont,VT,50,14-Sep,3,50,0.9005,0.975480881,0.945488528
Vermont,VT,50,24-Sep,3,40,0.9005,0.975480881,0.93799044
Vermont,VT,50,4-Oct,3,30,0.9575,0.975480881,0.964692352
Vermont,VT,50,14-Oct,3,20,0.939,0.975480881,0.949944264
Vermont,VT,50,24-Oct,3,10,0.936,0.975480881,0.943896176
Vermont,VT,50,3-Nov,3,0,0.9965,0.975480881,0.994398088
Virginia,VA,51,5-Aug,13,90,0.6995,0.74546123,0.74546123
Virginia,VA,51,15-Aug,13,80,0.763,0.74546123,0.747215107
Virginia,VA,51,25-Aug,13,70,0.7345,0.74546123,0.743268984
Virginia,VA,51,4-Sep,13,60,0.8055,0.74546123,0.763472861
Virginia,VA,51,14-Sep,13,50,0.8145,0.74546123,0.773076738
Virginia,VA,51,24-Sep,13,40,0.8665,0.74546123,0.805980615
Virginia,VA,51,4-Oct,13,30,0.8485,0.74546123,0.807284492
Virginia,VA,51,14-Oct,13,20,0.903,0.74546123,0.855738369
Virginia,VA,51,24-Oct,13,10,0.8945,0.74546123,0.864692246
Virginia,VA,51,3-Nov,13,0,0.943,0.74546123,0.923246123
Washington,WA,53,5-Aug,12,90,0.823,0.977381984,0.977381984
Washington,WA,53,15-Aug,12,80,0.8745,0.977381984,0.967093785
Washington,WA,53,25-Aug,12,70,0.875,0.977381984,0.956905587
Washington,WA,53,4-Sep,12,60,0.8685,0.977381984,0.944717389
Washington,WA,53,14-Sep,12,50,0.875,0.977381984,0.93642919
Washington,WA,53,24-Sep,12,40,0.8885,0.977381984,0.932940992
Washington,WA,53,4-Oct,12,30,0.937,0.977381984,0.953152794
Washington,WA,53,14-Oct,12,20,0.9545,0.977381984,0.961364595
Washington,WA,53,24-Oct,12,10,0.963,0.977381984,0.965876397
Washington,WA,53,3-Nov,12,0,0.995,0.977381984,0.993238198
West Virginia,WV,54,5-Aug,5,90,0.032,0.09967624,0.09967624
West Virginia,WV,54,15-Aug,5,80,0.032,0.09967624,0.092908616
West Virginia,WV,54,25-Aug,5,70,0.032,0.09967624,0.086140992
West Virginia,WV,54,4-Sep,5,60,0.032,0.09967624,0.079373368
West Virginia,WV,54,14-Sep,5,50,0.032,0.09967624,0.072605744
West Virginia,WV,54,24-Sep,5,40,0.032,0.09967624,0.06583812
West Virginia,WV,54,4-Oct,5,30,0.032,0.09967624,0.059070496
West Virginia,WV,54,14-Oct,5,20,0.061,0.09967624,0.072602872
West Virginia,WV,54,24-Oct,5,10,0.02,0.09967624,0.035935248
West Virginia,WV,54,3-Nov,5,0,0.002,0.09967624,0.011767624
Wisconsin,WI,55,5-Aug,10,90,0.587,0.756583025,0.756583025
Wisconsin,WI,55,15-Aug,10,80,0.7255,0.756583025,0.753474722
Wisconsin,WI,55,25-Aug,10,70,0.5585,0.756583025,0.71696642
Wisconsin,WI,55,4-Sep,10,60,0.622,0.756583025,0.716208117
Wisconsin,WI,55,14-Sep,10,50,0.6965,0.756583025,0.732549815
Wisconsin,WI,55,24-Sep,10,40,0.691,0.756583025,0.723791512
Wisconsin,WI,55,4-Oct,10,30,0.7255,0.756583025,0.73793321
Wisconsin,WI,55,14-Oct,10,20,0.826,0.756583025,0.805174907
Wisconsin,WI,55,24-Oct,10,10,0.892,0.756583025,0.864916605
Wisconsin,WI,55,3-Nov,10,0,0.9555,0.756583025,0.935608302
Wyoming,WY,56,5-Aug,3,90,0.0045,0.006693992,0.006693992
Wyoming,WY,56,15-Aug,3,80,0.0045,0.006693992,0.006474592
Wyoming,WY,56,25-Aug,3,70,0.0045,0.006693992,0.006255193
Wyoming,WY,56,4-Sep,3,60,0.0045,0.006693992,0.006035794
Wyoming,WY,56,14-Sep,3,50,0.0045,0.006693992,0.005816395
Wyoming,WY,56,24-Sep,3,40,0.0045,0.006693992,0.005596996
Wyoming,WY,56,4-Oct,3,30,0.0045,0.006693992,0.005377597
Wyoming,WY,56,14-Oct,3,20,0.021,0.006693992,0.016708197
Wyoming,WY,56,24-Oct,3,10,0.0175,0.006693992,0.015338798
Wyoming,WY,56,3-Nov,3,0,0,0.006693992,0.000669399
